-- phpMyAdmin SQL Dump
-- version 4.9.0.1
-- https://www.phpmyadmin.net/
--
-- Servidor: 127.0.0.1
-- Tiempo de generación: 11-09-2019 a las 15:30:57
-- Versión del servidor: 10.4.6-MariaDB
-- Versión de PHP: 7.3.8

SET SQL_MODE = "NO_AUTO_VALUE_ON_ZERO";
SET AUTOCOMMIT = 0;
START TRANSACTION;
SET time_zone = "+00:00";


/*!40101 SET @OLD_CHARACTER_SET_CLIENT=@@CHARACTER_SET_CLIENT */;
/*!40101 SET @OLD_CHARACTER_SET_RESULTS=@@CHARACTER_SET_RESULTS */;
/*!40101 SET @OLD_COLLATION_CONNECTION=@@COLLATION_CONNECTION */;
/*!40101 SET NAMES utf8mb4 */;

--
-- Base de datos: `bd_ventas`
--

-- --------------------------------------------------------

--
-- Estructura de tabla para la tabla `cliente`
--

CREATE TABLE `cliente` (
  `IdCliente` int(11) UNSIGNED NOT NULL,
  `Dni` varchar(8) DEFAULT NULL,
  `Nombres` varchar(244) DEFAULT NULL,
  `Direccion` varchar(244) DEFAULT NULL,
  `Telefono` varchar(20) DEFAULT NULL
) ENGINE=InnoDB DEFAULT CHARSET=utf8;

--
-- Volcado de datos para la tabla `cliente`
--

INSERT INTO `cliente` (`IdCliente`, `Dni`, `Nombres`, `Direccion`, `Telefono`) VALUES
(17, '321', 'Mario Borges', 'San Onofre 231', '321515'),
(18, '654', 'Carla Mariniani', 'Mallorca 3321', '645132'),
(19, '987', 'Brian Villa', 'Falsa 3321', '4513512'),
(20, '000', 'Andres Mendoza', 'Chosica, Lurigancho', '2');

-- --------------------------------------------------------

--
-- Estructura de tabla para la tabla `detalle_ventas`
--

CREATE TABLE `detalle_ventas` (
  `IdDetalleVentas` int(11) UNSIGNED NOT NULL,
  `IdVentas` int(11) UNSIGNED NOT NULL,
  `IdProducto` int(11) UNSIGNED NOT NULL,
  `Cantidad` int(11) UNSIGNED DEFAULT NULL,
  `PrecioVenta` double DEFAULT NULL
) ENGINE=InnoDB DEFAULT CHARSET=utf8;

--
-- Volcado de datos para la tabla `detalle_ventas`
--

INSERT INTO `detalle_ventas` (`IdDetalleVentas`, `IdVentas`, `IdProducto`, `Cantidad`, `PrecioVenta`) VALUES
(155, 94, 2, 1, 20),
(156, 94, 3, 2, 800),
(157, 94, 1, 3, 150),
(158, 94, 3, 1, 100),
(159, 95, 7, 1, 22);

-- --------------------------------------------------------

--
-- Estructura de tabla para la tabla `empleado`
--

CREATE TABLE `empleado` (
  `IdEmpleado` int(10) UNSIGNED NOT NULL,
  `Dni` varchar(8) NOT NULL,
  `Nombres` varchar(255) DEFAULT NULL,
  `Telefono` varchar(9) DEFAULT NULL,
  `Estado` varchar(1) DEFAULT NULL,
  `User` varchar(8) DEFAULT NULL
) ENGINE=InnoDB DEFAULT CHARSET=utf8;

--
-- Volcado de datos para la tabla `empleado`
--

INSERT INTO `empleado` (`IdEmpleado`, `Dni`, `Nombres`, `Telefono`, `Estado`, `User`) VALUES
(1, '123', 'Alexis Galliano', '342548153', '1', 'Ale01'),
(2, '123', 'Fernando Oscuro', '35154215', '1', 'Feos01'),
(3, '123', 'Marta Rosa', '34536412', '1', 'Maro01');

-- --------------------------------------------------------

--
-- Estructura de tabla para la tabla `producto`
--

CREATE TABLE `producto` (
  `IdProducto` int(11) UNSIGNED NOT NULL,
  `Nombres` varchar(244) DEFAULT NULL,
  `Precio` double DEFAULT NULL,
  `Descripcion` tinytext NOT NULL,
  `Tipo_Menu` varchar(20) NOT NULL
) ENGINE=InnoDB DEFAULT CHARSET=utf8;

--
-- Volcado de datos para la tabla `producto`
--

INSERT INTO `producto` (`IdProducto`, `Nombres`, `Precio`, `Descripcion`, `Tipo_Menu`) VALUES
(1, 'Pizza napolitana', 150, 'Pizza, tomate, queso', 'Pizza'),
(2, 'Pizza Especial', 200, 'Jamon, queso, tomate', 'Pizza'),
(3, 'Milanesa napolitana', 230, 'Milanesa, salsa de tomate, queso', 'Milanesa'),
(4, 'Ensalada Rusa', 50, 'Verdurasr rusas', 'Ensalada'),
(7, 'Bife', 210, 'Derechazo', 'Carne');

-- --------------------------------------------------------

--
-- Estructura de tabla para la tabla `ventas`
--

CREATE TABLE `ventas` (
  `IdVentas` int(11) UNSIGNED NOT NULL,
  `IdCliente` int(11) UNSIGNED NOT NULL,
  `IdEmpleado` int(10) UNSIGNED NOT NULL,
  `NumeroSerie` varchar(244) DEFAULT NULL,
  `FechaVentas` date DEFAULT NULL,
  `Monto` double DEFAULT NULL,
  `Estado` varchar(1) DEFAULT NULL
) ENGINE=InnoDB DEFAULT CHARSET=utf8;

--
-- Volcado de datos para la tabla `ventas`
--

INSERT INTO `ventas` (`IdVentas`, `IdCliente`, `IdEmpleado`, `NumeroSerie`, `FechaVentas`, `Monto`, `Estado`) VALUES
(94, 17, 2, '000000001', '2019-06-14', 2170, '1'),
(95, 19, 2, '000000001', '2019-06-14', 22, '1');

--
-- Índices para tablas volcadas
--

--
-- Indices de la tabla `cliente`
--
ALTER TABLE `cliente`
  ADD PRIMARY KEY (`IdCliente`);

--
-- Indices de la tabla `detalle_ventas`
--
ALTER TABLE `detalle_ventas`
  ADD PRIMARY KEY (`IdDetalleVentas`,`IdVentas`,`IdProducto`),
  ADD KEY `Ventas_has_Producto_FKIndex1` (`IdVentas`),
  ADD KEY `Ventas_has_Producto_FKIndex2` (`IdProducto`);

--
-- Indices de la tabla `empleado`
--
ALTER TABLE `empleado`
  ADD PRIMARY KEY (`IdEmpleado`);

--
-- Indices de la tabla `producto`
--
ALTER TABLE `producto`
  ADD PRIMARY KEY (`IdProducto`);

--
-- Indices de la tabla `ventas`
--
ALTER TABLE `ventas`
  ADD PRIMARY KEY (`IdVentas`),
  ADD KEY `Ventas_FKIndex1` (`IdEmpleado`),
  ADD KEY `Ventas_FKIndex2` (`IdCliente`);

--
-- AUTO_INCREMENT de las tablas volcadas
--

--
-- AUTO_INCREMENT de la tabla `cliente`
--
ALTER TABLE `cliente`
  MODIFY `IdCliente` int(11) UNSIGNED NOT NULL AUTO_INCREMENT, AUTO_INCREMENT=26;

--
-- AUTO_INCREMENT de la tabla `detalle_ventas`
--
ALTER TABLE `detalle_ventas`
  MODIFY `IdDetalleVentas` int(11) UNSIGNED NOT NULL AUTO_INCREMENT, AUTO_INCREMENT=160;

--
-- AUTO_INCREMENT de la tabla `empleado`
--
ALTER TABLE `empleado`
  MODIFY `IdEmpleado` int(10) UNSIGNED NOT NULL AUTO_INCREMENT, AUTO_INCREMENT=15;

--
-- AUTO_INCREMENT de la tabla `producto`
--
ALTER TABLE `producto`
  MODIFY `IdProducto` int(11) UNSIGNED NOT NULL AUTO_INCREMENT, AUTO_INCREMENT=12;

--
-- AUTO_INCREMENT de la tabla `ventas`
--
ALTER TABLE `ventas`
  MODIFY `IdVentas` int(11) UNSIGNED NOT NULL AUTO_INCREMENT, AUTO_INCREMENT=96;

--
-- Restricciones para tablas volcadas
--

--
-- Filtros para la tabla `detalle_ventas`
--
ALTER TABLE `detalle_ventas`
  ADD CONSTRAINT `detalle_ventas_ibfk_1` FOREIGN KEY (`IdVentas`) REFERENCES `ventas` (`IdVentas`) ON DELETE NO ACTION ON UPDATE NO ACTION,
  ADD CONSTRAINT `detalle_ventas_ibfk_2` FOREIGN KEY (`IdProducto`) REFERENCES `producto` (`IdProducto`) ON DELETE NO ACTION ON UPDATE NO ACTION;

--
-- Filtros para la tabla `ventas`
--
ALTER TABLE `ventas`
  ADD CONSTRAINT `ventas_ibfk_1` FOREIGN KEY (`IdEmpleado`) REFERENCES `empleado` (`IdEmpleado`) ON DELETE NO ACTION ON UPDATE NO ACTION,
  ADD CONSTRAINT `ventas_ibfk_2` FOREIGN KEY (`IdCliente`) REFERENCES `cliente` (`IdCliente`) ON DELETE NO ACTION ON UPDATE NO ACTION;
COMMIT;

/*!40101 SET CHARACTER_SET_CLIENT=@OLD_CHARACTER_SET_CLIENT */;
/*!40101 SET CHARACTER_SET_RESULTS=@OLD_CHARACTER_SET_RESULTS */;
/*!40101 SET COLLATION_CONNECTION=@OLD_COLLATION_CONNECTION */;
